FirstName,MiddleInitial,LastName,StreetAddress,City,State,ZipCode
Martha,C,Zermeno,928 Arrowood Drive,Jacksonville,FL,32217
Erin,F,Smallwood,4474 Elk Street,Los Angeles,CA,90017
Dewayne,J,Brown,2403 Hurry Street,Elkton,VA,22827
Latrisha,G,Thornhill,1422 Oliver Street,Fort Worth,TX,76118
Larue,J,Villarreal,2907 Joy Lane,Calabasas,CA,91302
Dorothy,R,George,1291 Kidd Avenue,Port Alsworth,AK,99653
Walter,J,Smith,3922 Spruce Drive,Burgettstown,PA,15021
Rhonda,B,McLean,1775 Simons Hollow Road,Sunbury,PA,17801
Amber,C,Hockman,5 Grim Avenue,San Diego,CA,92103
Michelle,W,Freeman,4611 Archwood Avenue,Green River,WY,82935
Alisha,J,Charette,905 Ritter Street,Fort Payne,AL,35967
Carl,A,Linville,2128 Short Street,Georgetown,TX,78626
Leroy,J,Swink,3640 Hillside Drive,Winchester,MA,01890
Joshua,T,Pickett,2205 Elk City Road,Indianapolis,IN,46205
Cathy,W,Wilson,147 Memory Lane,Dekalb,IL,60115
Linda,D,Dunson,1013 Upton Avenue,Westbrook,ME,04092
Sharon,M,Wilson,3322 Lincoln Drive,Lancaster,PA,17552
Terry,L,Wood,637 Snyder Avenue,Charlotte,NC,28202
Christopher,J,Lumpkin,3347 Cityview Drive,Philadelphia,PA,19103
Susan,D,Arneson,505 Wayside Lane,San Francisco,CA,94107
Ruby,P,Eisen,3782 Lowland Drive,Ohio,IL,61349
Mary,T,Pittman,2754 Marion Drive,Plant City,FL,33566
Christopher,H,Yates,2556 Clay Lick Road,Aurora,CO,80010
Kevin,E,Sharpe,2628 Lighthouse Drive,Joplin,MO,64801
Terry,S,Irvin,382 Hiddenview Drive,Lakewood,OH,44107
Carey,J,Dyson,3873 Fincham Road,San Diego,CA,92111
Jeffery,J,Souther,4842 Golf Course Drive,Washington,VA,20005
Bonnie,J,Vazquez,4112 Layman Avenue,Savannah,GA,31401
Lois,J,Cranford,2384 Jenna Lane,Cincinnati,OH,45216
Ariana,A,Gibson,3 Burning Memory Lane,Philadelphia,PA,19104
April,J,Wolfgang,2051 West Side Avenue,Jersey City,NJ,07304
Margaret,P,Powell,2596 Grasselli Street,Dover,NH,03820
Dale,G,Berry,3673 Mulberry Avenue,North Little Rock,AR,72114
Kenneth,K,Deveau,508 Felosa Drive,San Angelo,TX,76901
Lawrence,L,Scott,1815 Mapleview Drive,Plant City,FL,33566
William,M,Dupree,3809 Watson Lane,Spruce Pine,NC,28777
Florence,D,Fultz,3697 Upton Avenue,Waterville,ME,04901
Daryl,J,Davis,712 West Street,Ada,MI,49301
Reginald,S,Pastor,3978 Bingamon Branch Road,Wheeling,IL,60090
Susan,J,Etheridge,3104 Angie Drive,Santa Ana,CA,92704
James,M,Kyle,3787 Davisson Street,Richmond,IN,47374
Alex,D,Fauver,360 Fairway Drive,Vacaville,CA,95688
Sharon,J,Enoch,1618 Walnut Hill Drive,Cincinnati,OH,45202
Lindsay,L,Downing,1088 Patterson Road,South Ozone Park,NY,11420
Jon,Z,Farris,1971 Thompson Drive,Union City,CA,94587
Joseph,T,Welch,18 Northwest Boulevard,Jersey City,NJ,07304
Albert,M,Johnson,2073 Lindale Avenue,Oakland,CA,94612
Judith,K,Rogers,313 Steele Street,Lombard,IL,60148
Jerry,J,Caldwell,4602 Roosevelt Street,San Francisco,CA,94112
Lavina,R,Jones,2792 Stanley Avenue,Great Neck,NY,11021
David,C,Snyder,2704 Lost Creek Road,Birdsboro,PA,19508
Carmen,G,Stewart,3788 Overlook Drive,Indianapolis,IN,46202
Tiffany,P,Strawn,3602 Clement Street,Atlanta,GA,30303
Stevie,D,Snow,1869 Clair Street,Waco,TX,76710
Pauline,B,Ward,102 Godfrey Road,New York,NY,10038
Thomas,J,Beckwith,2629 Willis Avenue,Jacksonville,FL,32216
Courtney,B,Eckhoff,3540 Leverton Cove Road,Warren,MA,01083
Timothy,S,Freeman,1538 Cardinal Lane,Westville,IL,61883
Kathy,F,Cox,4245 Hazelwood Avenue,West Des Moines,IA,50266
Barbara,A,Freda,1383 Hamilton Drive,Beaumont,TX,77701
Cindy,N,Leavitt,3201 Chipmunk Lane,Portland,ME,04101
Robert,R,Holder,3760 Walton Street,Salt Lake City,UT,84111
Ali,S,Peters,3946 Victoria Street,Albany,LA,70711
Stephanie,T,Johnson,2025 Poplar Street,Schaumburg,IL,60173
Betty,R,Hoffmann,4060 Hinkle Deegan Lake Road,Binghamton,NY,13901
Robert,G,Waddell,2500 Pinchelone Street,Virginia Beach,VA,23464
Shannon,A,Hartmann,4709 Boundary Street,St Augustine,FL,32092
James,T,Jennings,3220 Ferguson Street,Framingham,MA,01702
James,S,Lipe,4537 Spinnaker Lane,Dekalb,IL,60115
William,J,Hughes,1272 Barnes Street,Orlando,FL,32809
Damian,I,Seymour,3122 Hazelwood Avenue,Des Moines,IA,50311
Jessica,B,Meyers,317 Rainbow Drive,North Canton,OH,44720
Florence,J,Davis,1400 Raintree Boulevard,Minneapolis,MN,55401
Joyce,E,Herrmann,2235 Drainer Avenue,Tallahassee,FL,32303
James,R,Wells,3897 Friendship Lane,San Jose,CA,95113
Fred,N,Madison,1228 Cessna Drive,Fort Wayne,IN,46818
Mark,D,Preston,4435 Robinson Lane,Delaware,OH,43015
Alexander,K,Hunter,1697 Burke Street,Burlington,MA,01803
Dwight,T,Cepeda,589 Amethyst Drive,Lansing,MI,48933
Sheryl,J,Bartholomew,1830 Bloomfield Way,Rockwood,ME,04478
Jennifer,C,Connor,2713 Maxwell Farm Road,Chico,CA,95928
Sheryl,R,Puckett,1982 Spring Avenue,Norristown,PA,19403
Willie,T,Lujan,2276 Callison Lane,Ocean View,DE,19970
Alyson,K,Scott,2904 Hannah Street,Charlotte,NC,28273
Daniel,C,Cooper,723 Lords Way,Memphis,TN,38118
Maurice,D,McAllister,2204 Gladwell Street,Sherman,TX,75090
Brenda,E,Kincheloe,4364 Heron Way,Keizer,OR,97303
Queen,O,Corey,1614 Oakway Lane,City Of Commerce,CA,90040
Kim,R,Huffman,910 Fort Street,Eatonville,WA,98328
James,S,Reed,986 Rockford Mountain Lane,Chapel Hill,NC,27514
Joshua,L,Wood,894 Webster Street,Toms River,NJ,08753
Paul,C,Amick,2869 Quincy Street,Philadelphia,PA,19108
Crystal,J,Hill,433 Hope Street,Portland,OR,97225
Bradley,V,Leboeuf,1884 Owagner Lane,Seattle,WA,98122
Nathan,M,Beil,3804 Mount Tabor,Putnam Valley,NY,10579
Matthew,C,Lupo,4491 Colonial Drive,Houston,TX,77036
Mavis,S,Favela,2379 Hamill Avenue,San Diego,CA,92110
Jose,T,Le,4205 Roguski Road,Monroe,LA,71201
Paul,M,Beeler,3234 Romano Street,Cambridge,MA,02141
Pamela,J,Haase,645 Conaway Street,Columbus,IN,47201
Eugene,M,Wright,969 Walkers Ridge Way,Downers Grove,IL,60515
George,R,Chapell,1063 Sand Fork Road,South Bend,IN,46625
Kenneth,R,Terrell,815 Wayback Lane,Mastic,NY,11950
Theresa,E,Gibson,2846 August Lane,Shreveport,LA,71101
Amie,D,Littell,1779 Berkley Street,Philadelphia,PA,19103
Christine,R,Harris,2495 Concord Street,Matthews,NC,28105
Harry,L,King,4414 Renwick Drive,Philadelphia,PA,19103
Carol,L,Trice,91 Kidd Avenue,Chignik Lake,AK,99564
John,L,Corwin,2313 Stoney Lane,Waxahachie,TX,75165
Nicholas,R,Ford,3394 Terra Cotta Street,Mentor,MN,56736
Joshua,E,Chapman,1268 Roane Avenue,Mayo,MD,21106
Katherine,H,Sanchez,4803 Sunburst Drive,Fort Myers,FL,33901
Claire,T,Hutchison,4550 Roy Alley,Denver,CO,80202
Tracy,A,Lowery,3367 Strother Street,Birmingham,AL,35205
Kathleen,C,Donaldson,4195 Marion Street,Barnwell,SC,29812
Derrick,B,Antonio,3055 Fantages Way,Presque Isle,ME,04769
Matthew,S,Woods,3086 Langtown Road,Bettendorf,IA,52722
Francis,R,Black,4609 Prospect Valley Road,Wilmington,CA,90744
Ethel,H,McKain,1541 Musgrave Street,Oklahoma City,OK,73102
Rose,M,Gomez,3226 James Street,Lyndonville,NY,14098
Curtis,M,Eaton,1706 Front Street,Southfield,MI,48075
Raymond,J,Palmer,4839 Hampton Meadows,Worcester,MA,01610
Margaret,M,White,2650 Glendale Avenue,Los Angeles,CA,90017
Nicholas,M,Horner,2115 Joy Lane,Glendale,CA,91204
Paul,J,Munday,4399 Hardman Road,South Burlington,VT,05403
Patrick,R,Smith,2376 Ethels Lane,Winter Haven,FL,33830
Margaret,M,Mullen,4350 Travis Street,Fort Pierce,FL,34950
Juan,T,Sanchez,261 Snider Street,Pueblo,CO,81003
Wm,N,Howard,2382 Blair Court,Kansas City,MO,64106
Doris,R,Hamm,4900 C Street,Quincy,MA,02169
Mauricio,N,Patterson,4030 Watson Street,Penns Neck,NJ,08540
Lawrence,D,Robinson,4150 Russell Street,Lawrence,MA,01840
Laurie,J,Alvarez,374 Carolina Avenue,Brownsville,TX,78520
Marcus,K,Osborne,3470 Breezewood Court,Arkansas City,KS,67005
Robert,B,Knaus,871 Star Route,Summit,IL,60501
Richard,M,Stein,1566 Woodlawn Drive,Milwaukee,WI,53219
Mary,J,Smith,2424 Lynn Avenue,Green Bay,WI,54303
Jessie,B,Hart,187 Euclid Avenue,Goleta,CA,93117
Lori,W,Davie,1657 Haul Road,Saint Paul,MN,55102
Marian,E,Coleman,4216 Briarwood Road,Springfield,MO,65804
Larry,E,Hoyt,2546 Simpson Street,Bloomington,IL,61701
Karen,C,Stalker,557 Skinner Hollow Road,Eugene,OR,97401
Earl,M,Perales,3748 Eagle Street,Fairview Heights,IL,62208
Lee,E,Gaines,3735 Chandler Drive,Osceola,MO,64776
Amy,B,Brenner,3370 Hall Place,Texarkana,TX,75501
Bonita,G,Snow,1192 Saints Alley,Tampa,FL,33634
Gloria,L,Ellis,4248 Randolph Street,Fall River,MA,02720
Ronald,W,Franklin,4917 Chipmunk Lane,Bangor,ME,04401
Elaine,J,Pierce,4077 Layman Avenue,Savannah,GA,31401
Christine,M,Gauna,4544 Irish Lane,Madison,WI,53704
Fay,H,Kaiser,1628 Hillside Street,Mesa,AZ,85225
Diana,T,Rohrbach,1201 Grasselli Street,Portsmouth,NH,03801
Dorothy,G,Lambert,3572 Woodland Terrace,Sacramento,CA,95814
Scotty,L,Treat,2394 Denver Avenue,Edgemont,CA,92508
Michael,E,Stevens,2681 Sun Valley Road,Spokane,WA,99201
Rosalee,T,Patterson,4219 Thorn Street,Wright,WY,82732
Willie,J,Simmons,391 Bingamon Road,Warrensville Heights,OH,44128
Judy,E,Dent,1082 Rodney Street,Saint Louis,MO,63101
Alvina,P,Cordero,327 Locust Court,Irvine,CA,92614
Laura,A,Begaye,4255 George Avenue,Mobile,AL,36638
Thomas,S,Kawamoto,2850 Horner Street,Cuyahoga Falls,OH,44221
Debra,T,Jones,3732 Franklin Avenue,Daytona Beach,FL,32114
Kathryn,R,Rhoades,2803 Parkview Drive,Pomona,CA,91766
Patricia,W,McGruder,1273 Roosevelt Wilson Lane,Anaheim,CA,92805
Ali,J,Melia,3074 Catherine Drive,Fargo,ND,58103
Veronica,C,Arney,3097 Lucky Duck Drive,Oakmont,PA,15139
Basil,P,Thomas,3159 Tanglewood Road,Myrtle,MS,38650
Cruz,C,Adams,4154 Kimberly Way,South Boston,MA,02127
Anna,V,Price,4584 Maple Avenue,Merced,CA,95340
Steven,M,Taylor,2211 Ferrell Street,Fargo,MN,58104
Chad,A,Fisher,2919 Clay Lick Road,Denver,CO,80014
Charles,E,Andrews,1524 Jewell Road,Saint Paul,MN,55104
Alison,M,Miller,3410 Austin Avenue,Savannah,GA,31401
Ernest,A,Kite,3245 Hickman Street,Downers Grove,IL,60515
Edith,M,Hearn,2819 Villa Drive,South Bend,IN,46601
James,M,Lilly,3796 James Street,East Aurora,NY,14052
Jarvis,B,Rodriquez,1880 Whispering Pines Circle,Grand Prairie,TX,75051
Sarah,R,Rivers,3901 Airplane Avenue,Wallingford,CT,06492
Amanda,J,Foster,1779 Paul Wayne Haggerty Road,New Orleans,LA,70112
Maria,J,Ybarra,679 Pennsylvania Avenue,Piscataway,NJ,08854
Georgine,R,Snively,4871 McDowell Street,Columbia,TN,38401
Peter,H,Cusson,1388 Moonlight Drive,Mercerville,NJ,08619
Jennifer,T,Taylor,1529 Irish Lane,Madison,WI,53718
Fredrick,C,Lawrence,3558 Jennifer Lane,Cary,NC,27513
Brian,L,Lawless,1011 Pin Oak Drive,Davenport,IA,52803
Mary,C,Sullivan,4242 Pin Oak Drive,Long Beach,CA,90807
Nadine,P,Wright,4289 Honeysuckle Lane,Orchards,WA,98662
Elisa,G,Taylor,2339 Yorkshire Circle,Roanoke Rapids,NC,27870
Sandra,R,Sutherland,2382 Circle Drive,Houston,TX,77032
Tamara,G,Dahl,3034 Courtright Street,Washburn,ND,58577
Andrea,D,Harris,4435 Jadewood Drive,Highland,IN,46322
Joy,R,Clark,2651 Arthur Avenue,Sterling,IL,61081
Kenneth,M,Cain,4775 Wright Court,Birmingham,AL,35205
Rodney,J,Leist,3362 Clark Street,Patchogue,NY,11772
Rose,R,Hill,1819 Coal Road,Pittston,PA,18640
Patricia,T,Dam,2260 Jones Avenue,Greensboro,NC,27401
Norman,R,King,3219 Giraffe Hill Drive,Irving,TX,75060
Travis,C,Welch,4838 Wilkinson Street,Brentwood,TN,37027
Freda,C,Dickman,993 Conference Center Way,Washington,VA,20005
Thomas,L,Merrick,2384 Nutter Street,Henrietta,MO,64036
Bobbie,J,Speier,3539 Ashmor Drive,Little Fork,MN,56653
Nichole,J,Fox,2831 Red Maple Drive,Los Angeles,CA,90042
Lillian,A,Claude,2338 Bernardo Street,Clearwater,FL,34620
Salvador,F,Ryan,3210 Friendship Lane,San Jose,CA,95113
Dustin,L,Hein,2627 Irish Lane,Cross Plains,WI,53528
Mildred,K,Mills,4082 Corbin Branch Road,Johnson City,TN,37601
Sarah,R,Dearman,4381 Lodgeville Road,Minneapolis,MN,55402
Brad,M,Hickmon,1671 School House Road,Jackson,MS,39201
Sherri,S,Omara,34 Norma Avenue,Dayton,OH,45402
Ernest,E,Buck,3530 Saint Francis Way,West Allis,WI,53227
Matthew,J,Lawson,4590 Lucy Lane,Greensburg,IN,47240
Misty,F,Ellis,2182 Polk Street,Tucson,AZ,85701
Raymond,V,Sanchez,2910 Crestview Manor,Indianapolis,IN,46220
James,E,Ali,649 Morningview Lane,Westbury,NY,11590
Jeffery,B,Rhodes,2858 Ritter Avenue,Detroit,MI,48226
Genoveva,G,Forte,635 Barfield Lane,Indianapolis,IN,46225
Phillip,M,Gallegos,340 Science Center Drive,Mountain Home,ID,83647
James,R,Jinks,1982 Browning Lane,Johnson City,NY,13790
Jose,S,Black,4483 Taylor Street,White Plains,NY,10601
Mary,A,Dixon,1563 Pickens Way,Longview,TX,75604
Ann,T,Wright,2565 Holt Street,Fort Lauderdale,FL,33301
Mitchell,C,Jones,2951 Quincy Street,Philadelphia,PA,19108
Kelly,K,Teel,4480 Vesta Drive,Chicago,IL,60605
Betty,L,Decker,467 Birch  Street,El Paso,TX,79915
Micheal,S,Weedman,2555 Spadafore Drive,Weedville,PA,16627
Tyson,E,Williams,413 Wood Duck Drive,Iron Mountain,MI,49801
Maria,C,Brown,799 Adamsville Road,Mission,TX,78572
Nancy,L,Elliott,2750 Bernardo Street,New Albany,IN,47150
Dorothy,A,Montgomery,2543 Ross Street,Belleville,IL,62220
Janice,W,Tucker,2586 Andy Street,Sioux Falls,SD,57102
Robert,K,Miller,1713 Fairfield Road,Brookfield,WI,53005
Carrie,G,Moore,3498 Northwest Boulevard,Washington,DC,20007
Scott,M,Gray,710 Wayside Lane,Oakland,CA,94612
Louie,M,Conner,4932 Rosewood Lane,New York,NY,10019
Timothy,S,Link,154 Terry Lane,Orlando,FL,32801
Suzanne,S,Woodard,4013 C Street,Nantucket,MA,02554
Mary,E,Black,4305 Timberbrook Lane,Greeley,CO,80634
Nancy,L,Henderson,3070 Tator Patch Road,Chicago,IL,60606
Phillip,C,Carter,2212 Wilson Street,Hesperia,CA,92345
Edna,S,Fullilove,2620 Willis Avenue,Daytona Beach,FL,32114
Miguel,E,Fields,3186 Station Street,San Francisco,CA,94107
Denise,D,Lagrone,870 Clarksburg Park Road,Phoenix,AZ,85403
Kristen,R,Roussel,301 Loving Acres Road,Kansas City,MO,64130
William,C,Kowalski,88 Irish Lane,Verona,WI,53593
Stella,L,Barham,3745 Willow Greene Drive,Montgomery,AL,36014
Damon,L,Warthen,1146 Webster Street,Manasquan,NJ,07719
Juan,D,Frierson,833 Pleasant Hill Road,Gardena,CA,90247
Ethelyn,N,Klein,788 McDowell Street,Nashville,TN,37211
Joyce,M,Duncan,2773 Irish Lane,Madison,WI,53718
Angelica,J,Welch,4715 Par Drive,Los Angeles,CA,90017
Joanna,M,Rizzi,186 Cessna Drive,Fort Wayne,IN,46818
James,J,Sikes,4033 Pinewood Drive,Des Plaines,IL,60016
Andre,J,Bryson,4752 Earnhardt Drive,Louisville,KY,40202
Wade,M,Forsyth,4408 Hurry Street,Raphine,VA,24472
Ashley,B,Bonner,3743 Mulberry Avenue,Turrell,AR,72384
Todd,L,Small,3048 Chenoweth Drive,Mc Minnville,TN,37110
Scott,S,Walters,2540 Berry Street,Colorado Springs,CO,80915
Dale,L,Cole,3874 Carter Street,Mounds,IL,62964
Marion,R,Clark,2180 Tennessee Avenue,Birmingham,MI,48009
Charles,J,Fentress,1793 Shadowmar Drive,New Orleans,LA,70118
Robert,C,Cirillo,1536 Tyler Avenue,Ft Lauderdale,FL,33311
Marsha,B,Hammer,410 Poling Farm Road,Tekamah,NE,68061
Janet,E,Faris,2047 Yorkshire Circle,Colerain,NC,27924
Samuel,S,Castillo,1744 Maryland Avenue,Tampa,FL,33614
Stephanie,S,Bennett,78 Beechwood Avenue,Belvidere,NJ,07823
Clarence,A,Hickman,523 Lighthouse Drive,Stoutland,MO,65567
Kelly,V,Lange,3958 Hewes Avenue,Baltimore,MD,21202
Benjamin,M,Shipley,2136 Blair Court,Rockville,MO,64780
Marvin,L,Gump,3255 Romrog Way,Gordon,NE,69343
Guy,L,Wiser,1662 Sharon Lane,Goshen,IN,46526
Wilma,N,Bailey,4311 Williams Mine Road,South Plainfield,NJ,07080
Paula,R,Bess,915 John Calvin Drive,Chicago,IL,60603
Charles,C,Smith,4618 North Avenue,Lincoln,NE,68508
John,M,Roybal,162 Tetrick Road,Avon Park,FL,33825
Alma,J,Berry,1603 Maple Street,Cypress,CA,90630
Kenneth,J,Jefferson,3019 Davis Court,Dow,IL,62022
Wilma,B,Thomas,1284 Conifer Drive,Seattle,WA,98109
Elaine,T,Brown,901 Edwards Street,Farmville,NC,27828
Mary,J,Scott,4009 Creekside Lane,Ventura,CA,93001
Judy,J,Donnell,298 Farland Avenue,San Antonio,TX,78218
Vera,M,Rollins,2906 Chicago Avenue,Fresno,CA,93721
Daniel,L,Gainey,2985 Brooke Street,Houston,TX,77035
Yolanda,D,Wilson,716 Wiseman Street,Knoxville,TN,37917
Kathy,L,McDonald,1449 Ross Street,Ridgway,IL,62979
Kimbery,D,Brown,4889 Fort Street,Ahoskie,NC,27910
Thomas,C,Mah,4864 Hillhaven Drive,Los Angeles,CA,90017
Lynne,N,Wells,334 Maple Court,Rolla,MO,65401
Robert,A,Echevarria,3641 Duke Lane,Sayreville,NJ,08879
Kenneth,V,Hill,1663 Irving Road,New Holland,OH,43145
Michael,D,Soliz,2877 Nutter Street,Saint Joseph,MO,64501
Susan,F,Linares,426 Trouser Leg Road,Springfield,MA,01103
Peter,M,Sanchez,4718 Marion Street,Columbia,SC,29203
Shirley,A,Alcock,2641 Hickory Lane,Reston,DC,20191
Marvin,A,Farris,4457 Chicago Avenue,Visalia,CA,93291
Jerome,K,Hill,1695 Hide A Way Road,San Jose,CA,95113
John,D,Wheeler,2201 West Fork Street,Helena,MT,59601
Raymond,V,Fine,1538 Hillside Drive,West Roxbury,MA,02132
Haydee,W,Harvey,3982 Tree Frog Lane,Kansas City,MO,64106
Kurt,R,Green,2093 Simpson Square,Perry,OK,73077
Sean,N,Numbers,3299 Honeysuckle Lane,Orchards,WA,98662
Manuel,M,Mannings,1297 Lighthouse Drive,Springfield,MO,65804
Robert,A,Morales,524 Cliffside Drive,Binghamton,NY,13901
Fidel,C,Garcia,2196 Deercove Drive,Philadelphia,PA,19140
Albert,J,Reichert,131 Grand Avenue,Orlando,FL,32801
Rachel,T,Guzman,1453 Layman Court,Atlanta,GA,30346
Shelly,R,Kingston,1973 Poplar Lane,Ft Lauderdale,FL,33311
Robert,P,Dwight,1446 Sunburst Drive,Fort Myers,FL,33901
Randall,A,Grams,1199 College Avenue,Middletown,OH,45044
Dorothea,D,Boerner,1238 Wexford Way,Springfield,SC,29146
Carol,D,Pollack,3054 Medical Center Drive,Venice,FL,34285
Derrick,J,Arnold,2690 Roosevelt Wilson Lane,Calimesa,CA,92320
Thelma,J,Escalante,1255 Nutter Street,Kansas City,MO,64106
Grace,M,Spear,1758 Pooh Bear Lane,Greenville,SC,29601
Jill,D,Strong,1039 Passaic Street,Washington,DC,20007
Karen,P,Binder,706 Warner Street,Miami Springs,FL,33166
Shirley,J,Cournoyer,18 Horseshoe Lane,Philadelphia,PA,19108
Derrick,K,White,3200 Red Hawk Road,Askov,MN,55704
Sondra,C,Mohammed,813 Charack Road,Seymour,IN,47274
Johnny,H,Wilkerson,1577 Park Avenue,Sacramento,CA,95821
Ralph,O,Byrd,926 Clement Street,Atlanta,GA,30303
Elisabeth,P,Boling,3322 Black Stallion Road,Ford,KY,40320
Harold,T,Surrett,1655 Anmoore Road,Queens,NY,11693
Barbara,L,Hagan,3596 Shingleton Road,Grand Junction,MI,49056
Allison,T,Gill,4157 Concord Street,Charlotte,NC,28209
Hugh,L,Banfield,1192 Coulter Lane,Richmond,VA,23235
Karen,B,Usher,1751 Modoc Alley,Eagle,ID,83642
Marie,L,Faulkner,793 Wiseman Street,Knoxville,TN,37909
Walter,M,Gorsuch,405 Glory Road,Mc Minnville,TN,37110
Joseph,D,Schumaker,4155 Central Avenue,Branchburg,NJ,08817
Eula,D,Grant,2401 Oakdale Avenue,Bartow,FL,33830
Eugene,C,Bevilacqua,1546 Mill Street,Greenville,SC,29607
Patricia,A,Wilson,4771 Rogers Street,Cincinnati,OH,45211
Robert,D,Brown,2088 Armory Road,Clinton,NC,28328
James,K,Adams,2966 Copperhead Road,Hartford,CT,06182
Thomas,D,Fedele,285 Shady Pines Drive,Madisonville,KY,42431
Donald,M,Longino,4354 Freshour Circle,San Antonio,TX,78212
Elizabeth,E,Alston,3087 Hannah Street,Franklin,NC,28734
Ray,A,Smith,53 Kildeer Drive,Pomeroy,OH,45769
Herbert,D,Johnson,1607 Watson Lane,Asheville,NC,28803
Mark,C,Markovich,753 Poco Mas Drive,Garland,TX,75040
John,J,Lesure,4090 Pinewood Drive,Northbrook,IL,60062
Terry,M,Brooks,1460 Scott Street,Dutchess,NY,12540
Charles,G,Wood,2712 Eagle Drive,Wayne,MI,48184
Donald,L,Ahn,2427 Half and Half Drive,Fresno,CA,93721
James,K,Klassen,3191 Norman Street,Long Beach,CA,90802
John,T,Bruner,1954 Spinnaker Lane,Chicago,IL,60606
Wayne,B,Douglas,3556 Ridenour Street,Fort Lauderdale,FL,33301
Luis,D,Cruz,2859 College Street,Atlanta,GA,30338
Michael,C,Bridges,2754 Caldwell Road,Avon,NY,14414
Larry,K,Davenport,3753 Ferry Street,Huntsville,AL,35816
Nicole,R,Sorenson,4392 Wescam Court,Boston,MA,02110
Paul,C,Hughes,2754 Fittro Street,Marianna,AR,72360
Mike,J,Mora,4128 Lady Bug Drive,Bronx,NY,10467
Lucy,L,Stanley,2686 Rocket Drive,Minneapolis,MN,55406
Robert,L,Hunt,4358 Giraffe Hill Drive,Garland,TX,75040
Delores,G,Gonzales,3207 Baker Avenue,Fort Worth,TX,76102
Hank,A,Creed,1225 Stroop Hill Road,Atlanta,GA,30329
Patricia,R,Swanson,4248 Flanigan Oaks Drive,Beltsville,MD,20705
Willie,L,Kennedy,2297 Meadow View Drive,Hartford,CT,06103
Eugene,S,Hancock,4176 Monroe Avenue,Fort Myers,FL,33901
Hazel,O,Dimaggio,2769 Par Drive,Los Angeles,CA,90017
Jeffery,S,Scoles,3498 New York Avenue,Cleburne,TX,76031
Omar,D,Lindsey,4744 Wildrose Lane,Detroit,MI,48202
George,J,Michel,3673 Masonic Drive,Pablo,MT,59855
Marcel,T,Flores,4963 Lakeland Terrace,Wyandotte,MI,48192
Rodney,G,Vega,4736 Pine Street,Butler,PA,16001
Robert,L,Bruce,4582 Fairway Drive,Vacaville,CA,95688
Elizabeth,R,Miller,1056 Pleasant Hill Road,West Palm Beach,FL,33409
James,D,Harper,4401 Poe Lane,Westphalia,KS,66093
Helen,D,Deason,4417 Skinner Hollow Road,Medford,OR,97501
Anthony,E,Tevis,2386 Penn Street,Columbia,MO,65202
Lilia,H,Harris,3842 Hillview Street,Sumter,SC,29150
Ricky,M,Roberts,3992 Walnut Hill Drive,Portland,OH,45204
Peter,V,Hoekstra,3043 Moonlight Drive,Camden,NJ,08104
Nancy,T,Hutchison,363 Cooks Mine Road,Taos,NM,87571
Alba,E,Lynn,371 Flint Street,Atlanta,GA,30303
Amber,J,Paul,4079 Colony Street,New Haven,CT,06511
Amy,R,Simon,307 Capitol Avenue,Eminence,IN,46125
Vivian,G,Miller,4962 Circle Drive,Houston,TX,77027
Albert,D,Stokes,169 Rodney Street,Gray Summit,MO,63039
Anthony,D,Hanrahan,3568 Goldie Lane,Cincinnati,OH,45202
Deborah,S,McCune,1610 Rose Avenue,New Orleans,LA,70122
Gary,M,Dubois,3084 Retreat Avenue,Birmingham,AL,35209
Richard,E,Armstrong,3085 Crummit Lane,Providence,RI,02908
Kimberly,F,Tapley,3338 Haul Road,Saint Paul,MN,55102
Tosha,J,Rivera,479 Victoria Court,Clinton,ME,04623
Joseph,C,Gerth,4986 Duffy Street,Merrillville,IN,46410
Clifford,K,Lilly,4037 Colonial Drive,Houston,TX,77006
Joseph,E,Taylor,460 Hill Haven Drive,Waco,TX,76710
Leroy,K,Anderson,467 Maryland Avenue,Tampa,FL,33602
Ruth,R,Aranda,4784 Poco Mas Drive,Dallas,TX,75219
Tracy,W,Diaz,1610 Front Street,Flint,MI,48548
Chance,M,Saunders,3522 Pretty View Lane,Point Arena,CA,95468
Joan,P,McElroy,3793 Carolina Avenue,San Antonio,TX,78205
Harry,C,Vang,876 John Calvin Drive,Chicago,IL,60606
Steven,F,Capone,4276 Hiddenview Drive,Philadelphia,PA,19107
Mercy,D,Arcand,1688 Mount Olive Road,Norcross,GA,30093
Steve,S,Britt,2871 Spring Avenue,Philadelphia,PA,19108
Nathan,J,Dunn,1488 Goldleaf Lane,Jersey City,NJ,07304
Annie,W,Secor,3062 Michigan Avenue,Pittsburgh,PA,15222
Dwight,C,Guinn,1440 Farnum Road,New York,NY,10019
Rachel,A,Gourley,4077 Edgewood Avenue,Fresno,CA,93722
Florence,J,Webber,1591 Sycamore Lake Road,Green Bay,WI,54301
James,D,Simmons,4618 Chapmans Lane,Albuquerque,NM,87121
Stanley,L,Williams,1476 Shingleton Road,Grand Rapids,MI,49503
Casey,F,Mooney,4489 Chipmunk Lane,Winterport,ME,04496
Mary,A,Sanchez,1687 Sycamore Street,Santa Clara,CA,95054
Angelique,I,Taylor,2684 Oliverio Drive,Lafontaine,KS,66750
Christina,C,Ponce,2615 Mahlon Street,Jersey City,NJ,07305
Mary,A,Arnold,3638 Kyle Street,Scottsbluff,NE,69361
Nancy,W,Inniss,4372 Lodgeville Road,Golden Valley,MN,55427
Christine,T,Human,1449 Carriage Lane,Hawley,PA,18428
Alec,L,Fernandez,3602 Beechwood Drive,Bridgeville,PA,15017
Maria,S,Smith,2563 Fraggle Drive,Chicago,IL,60606
Beverly,G,Keeble,1194 Traders Alley,Raytown,MO,64133
Douglas,F,Smith,1771 Vernon Street,Fallbrook,CA,92028
Matthew,M,Campbell,1206 Illinois Avenue,Portland,OR,97204
Shirley,A,Sturtz,3095 Tecumsah Lane,St Landry,LA,71367
Larry,O,Weiland,2868 Nicholas Street,Topeka,KS,66606
Debra,D,Thomas,1657 Bottom Lane,Ellicottville,NY,14731
Shirley,G,Taylor,1938 Andy Street,Isabel,SD,57633
Silva,W,Beck,620 Timbercrest Road,King Salmon,AK,99613
Carl,S,Seymour,1252 Anmoore Road,New York,NY,10011
Justin,A,Swindle,1749 Gladwell Street,Memphis,TN,38106
Charles,M,Cruz,250 Mount Street,Bay City,MI,48706
Clarence,P,Krauss,3850 McKinley Avenue,Denver,CO,80209
Carole,L,Tomlinson,3036 Fairfax Drive,Newark,NJ,07102
Linda,J,Matthews,2772 Austin Avenue,Macon,GA,31206
John,L,Ziegler,1773 Woodland Terrace,Sacramento,CA,95827
Isabelle,D,Ruiz,1056 Brooke Street,Houston,TX,77063
Melanie,J,Shimizu,623 Hannah Street,Hickory,NC,28601
Robert,K,Peterson,642 Shobe Lane,Aspen,CO,81611
Nancy,K,Watkins,1862 Southside Lane,Los Angeles,CA,90022
Jessie,J,Bell,1173 Havanna Street,Greensboro,NC,27409
Margaret,V,McDowell,3381 Davis Place,Van Wert,OH,45891
Kevin,A,Martin,2495 Jessie Street,Martins Ferry,OH,43935
Jodi,I,Moran,446 Summit Street,Des Moines,IA,50309
Tyrone,I,Harris,2127 Fire Access Road,Greensboro,NC,27401
Lottie,A,Gregory,3937 Renwick Drive,Philadelphia,PA,19108
Martha,J,Barthel,2648 Post Avenue,St Hilaire,MN,56754
Carl,C,Matz,302 Kelley Road,New Orleans,MS,70112
Johnny,P,Calloway,2596 Joy Lane,City Of Commerce,CA,90040
Jennifer,L,Winslow,3934 Lincoln Drive,Harrisburg,PA,17111
Michael,K,Allen,506 Mayo Street,Winchester,KY,40391
Adam,D,Pavon,3888 Mapleview Drive,St Petersburg,FL,33712
Deborah,P,Hatfield,1325 Derek Drive,Warren,OH,44484
Mary,K,Eller,4257 American Drive,Camden,NJ,08104
Shawn,J,Fields,2805 Giraffe Hill Drive,Irving,TX,75062
Joseph,J,Wagner,1699 Platinum Drive,Petrolia,PA,16050
Louise,M,Reid,2575 Wines Lane,Houston,TX,77032
Thomas,M,Saulsbury,2031 Worthington Drive,Plano,TX,75075
Christine,J,Pierce,4919 Buffalo Creek Road,Nashville,TN,37214
Thomas,J,Wesley,2334 Moore Avenue,Fort Worth,TX,76107
Ruby,P,Walling,550 Broadway Avenue,Knoxville,TN,37921
Emanuel,M,Deangelo,3277 Vernon Street,Palm Springs,CA,92262
William,N,McAdoo,3541 Coal Street,Johnstown,PA,15904
Jose,L,Young,2507 Argonne Street,Newark,DE,19711
Terry,C,Clements,695 Monroe Avenue,Cape Haze,FL,33946
Victor,C,McCluney,616 Marie Street,Laurel,MD,20707
Marc,J,Hart,4844 Ashton Lane,Austin,TX,78746
Charles,D,Howard,4035 Clinton Street,Little Rock,AR,72211
Jane,W,Jackson,1835 Wright Court,Seattle,WA,98119
Donna,V,Williams,15 Haul Road,Mountain View,CA,94041
Michael,W,Hobbs,2988 Worley Avenue,Charlottesville,VA,22903
Justin,G,Lewis,3307 Kembery Drive,Naperville,IL,60540
Tina,B,Porter,1630 Columbia Road,Georgetown,DE,19947
Evalyn,J,Mata,674 Rainy Day Drive,Cambridge,MA,02141
Henry,M,Williams,438 Pooz Street,Piscataway,NJ,08854
David,D,Niblett,3642 Farland Avenue,Victoria,TX,77901
Maurice,C,Tanaka,1412 Park Boulevard,Plymouth,IA,50464
Paul,S,Trotter,4040 Reel Avenue,Albuquerque,NM,87107
Patricia,J,Kulp,2997 Joes Road,Latham,NY,12110
Sean,G,Wild,4822 Junior Avenue,Atlanta,GA,30303
Duane,K,Cage,3597 Hiney Road,Nelson,NV,89046
Martin,J,Rodriguez,1458 Oak Ridge Drive,Manchester,MO,63011
Charles,F,Rush,4136 Hidden Meadow Drive,Grand Forks Air Base,ND,58228
Jim,E,Depriest,3125 Lowndes Hill Park Road,Bakersfield,CA,93307
Carl,M,Foster,414 Hillcrest Avenue,Waltham,MA,02154
Hai,A,Evans,3616 Poplar Street,Vernon Hills,IL,60061
Jeanette,J,Fowler,3679 Ridenour Street,Hialeah,FL,33014
Rudolph,V,Hannan,3664 Lynch Street,Appleton,WI,54911
Christopher,D,Key,2340 Colonial Drive,Sugar Land,TX,77478
Denise,A,Williams,3732 Frosty Lane,Elmira,NY,14901
Leona,L,Vandyke,107 Cemetery Street,Houston,TX,77002
Jeanette,B,Chandler,2608 Hayhurst Lane,Troy,MI,48083
Ann,A,Bryant,3580 Fraggle Drive,Wood Dale,IL,60191
Dorothy,R,Kelly,830 McKinley Avenue,Bailey,CO,80421
Michael,J,Orcutt,4648 State Street,Detroit,MI,48201
Brian,N,Cochran,4943 Lynn Street,Boston,MA,02107
Jennifer,M,Johnson,865 Single Street,Acton,MA,01720
Verda,T,Myers,1826 Maloy Court,Minneapolis,KS,67467
Judith,E,Pando,4719 Aviation Way,Irvine,CA,92618
Jerry,K,Gray,1604 Thompson Street,Gardena,CA,90248
Margaret,L,Evers,948 Science Center Drive,Mccall,ID,83638
Rosalind,R,Peterson,4572 Dovetail Estates,Socaldwell,OK,67022
Jose,K,Bowden,4664 Sharon Lane,Plymouth,IN,46563
Danette,S,Becker,603 Orchard Street,Eden Prairie,MN,55344
Rachel,L,Whitaker,3589 Braxton Street,Chicago,IL,60606
Lonnie,V,Hood,1535 Bedford Street,Stamford,CT,06902
Joyce,B,Ramsey,2951 Duck Creek Road,San Bruno,CA,94066
